--
-- Group Number: 123
-- Group Members: 4
--   1. Eldridge Ng
--   2. Darius Deng
--   3. Beh Shao Ren
--   4. Yu Tingan
--

-- Insert countries
INSERT INTO country (ioc_code, name, region) VALUES ('ARG', 'Argentina', 'South America');
INSERT INTO country (ioc_code, name, region) VALUES ('AUS', 'Australia', 'Oceania');
INSERT INTO country (ioc_code, name, region) VALUES ('AUT', 'Austria', 'Europe');
INSERT INTO country (ioc_code, name, region) VALUES ('BEL', 'Belgium', 'Europe');
INSERT INTO country (ioc_code, name, region) VALUES ('BRN', 'Bahrain', 'Asia');
INSERT INTO country (ioc_code, name, region) VALUES ('CAN', 'Canada', 'North America');
INSERT INTO country (ioc_code, name, region) VALUES ('COL', 'Colombia', 'South America');
INSERT INTO country (ioc_code, name, region) VALUES ('CZE', 'Czechia', 'Europe');
INSERT INTO country (ioc_code, name, region) VALUES ('DEN', 'Denmark', 'Europe');
INSERT INTO country (ioc_code, name, region) VALUES ('ECU', 'Ecuador', 'South America');
INSERT INTO country (ioc_code, name, region) VALUES ('ERI', 'Eritrea', 'Africa');
INSERT INTO country (ioc_code, name, region) VALUES ('ESP', 'Spain', 'Europe');
INSERT INTO country (ioc_code, name, region) VALUES ('FRA', 'France', 'Europe');
INSERT INTO country (ioc_code, name, region) VALUES ('GBR', 'United Kingdom of Great Britain and Northern Ireland', 'Europe');
INSERT INTO country (ioc_code, name, region) VALUES ('GER', 'Germany', 'Europe');
INSERT INTO country (ioc_code, name, region) VALUES ('IRL', 'Ireland', 'Europe');
INSERT INTO country (ioc_code, name, region) VALUES ('ISR', 'Israel', 'Asia');
INSERT INTO country (ioc_code, name, region) VALUES ('ITA', 'Italy', 'Europe');
INSERT INTO country (ioc_code, name, region) VALUES ('KAZ', 'Kazakhstan', 'Asia');
INSERT INTO country (ioc_code, name, region) VALUES ('LAT', 'Latvia', 'Europe');
INSERT INTO country (ioc_code, name, region) VALUES ('NED', 'Netherlands, Kingdom of the', 'Europe');
INSERT INTO country (ioc_code, name, region) VALUES ('NOR', 'Norway', 'Europe');
INSERT INTO country (ioc_code, name, region) VALUES ('NZL', 'New Zealand', 'Oceania');
INSERT INTO country (ioc_code, name, region) VALUES ('POL', 'Poland', 'Europe');
INSERT INTO country (ioc_code, name, region) VALUES ('POR', 'Portugal', 'Europe');
INSERT INTO country (ioc_code, name, region) VALUES ('SLO', 'Slovenia', 'Europe');
INSERT INTO country (ioc_code, name, region) VALUES ('SUI', 'Switzerland', 'Europe');
INSERT INTO country (ioc_code, name, region) VALUES ('UAE', 'United Arab Emirates', 'Asia');
INSERT INTO country (ioc_code, name, region) VALUES ('USA', 'United States of America', 'North America');

-- Insert locations
INSERT INTO location (name, country_code) VALUES ('Barcelona', 'ESP');

-- Insert teams
INSERT INTO team (name, country_code) VALUES ('ALPECIN-DECEUNINCK', 'BEL');
INSERT INTO team (name, country_code) VALUES ('ARKEA-B&B HOTELS', 'FRA');
INSERT INTO team (name, country_code) VALUES ('BAHRAIN VICTORIOUS', 'BRN');
INSERT INTO team (name, country_code) VALUES ('COFIDIS', 'FRA');
INSERT INTO team (name, country_code) VALUES ('DECATHLON AG2R LA MONDIALE TEAM', 'FRA');
INSERT INTO team (name, country_code) VALUES ('EF EDUCATION - EASYPOST', 'USA');
INSERT INTO team (name, country_code) VALUES ('GROUPAMA-FDJ', 'FRA');
INSERT INTO team (name, country_code) VALUES ('INEOS GRENADIERS', 'GBR');
INSERT INTO team (name, country_code) VALUES ('INTERMARCHÉ - WANTY', 'BEL');
INSERT INTO team (name, country_code) VALUES ('ISRAEL - PREMIER TECH', 'ISR');
INSERT INTO team (name, country_code) VALUES ('LIDL-TREK', 'USA');
INSERT INTO team (name, country_code) VALUES ('LOTTO', 'BEL');
INSERT INTO team (name, country_code) VALUES ('MOVISTAR TEAM', 'ESP');
INSERT INTO team (name, country_code) VALUES ('RED BULL - BORA - HANSGROHE', 'GER');
INSERT INTO team (name, country_code) VALUES ('SOUDAL QUICK-STEP', 'BEL');
INSERT INTO team (name, country_code) VALUES ('TEAM JAYCO ALULA', 'AUS');
INSERT INTO team (name, country_code) VALUES ('TEAM PICNIC POSTNL', 'NED');
INSERT INTO team (name, country_code) VALUES ('TEAM VISMA | LEASE A BIKE', 'NED');
INSERT INTO team (name, country_code) VALUES ('TOTALENERGIES', 'FRA');
INSERT INTO team (name, country_code) VALUES ('TUDOR PRO CYCLING TEAM', 'SUI');
INSERT INTO team (name, country_code) VALUES ('UAE TEAM EMIRATES XRG', 'UAE');
INSERT INTO team (name, country_code) VALUES ('UNO-X MOBILITY', 'NOR');
INSERT INTO team (name, country_code) VALUES ('XDS ASTANA TEAM', 'KAZ');

-- Insert riders
INSERT INTO rider (bib, name, dob, team_name, country_code) VALUES (1, 'Tadej Pogacar', '1998-09-21', 'UAE TEAM EMIRATES XRG', 'SLO');
INSERT INTO rider (bib, name, dob, team_name, country_code) VALUES (2, 'Joao Almeida', '1998-08-05', 'UAE TEAM EMIRATES XRG', 'POR');
INSERT INTO rider (bib, name, dob, team_name, country_code) VALUES (3, 'Jhonatan Narvaez', '1997-03-04', 'UAE TEAM EMIRATES XRG', 'ECU');
INSERT INTO rider (bib, name, dob, team_name, country_code) VALUES (4, 'Nils Politt', '1994-03-06', 'UAE TEAM EMIRATES XRG', 'GER');
INSERT INTO rider (bib, name, dob, team_name, country_code) VALUES (5, 'Pavel Sivakov', '1997-07-11', 'UAE TEAM EMIRATES XRG', 'FRA');
INSERT INTO rider (bib, name, dob, team_name, country_code) VALUES (6, 'Marc Soler', '1993-11-22', 'UAE TEAM EMIRATES XRG', 'ESP');
INSERT INTO rider (bib, name, dob, team_name, country_code) VALUES (7, 'Tim Wellens', '1991-05-10', 'UAE TEAM EMIRATES XRG', 'BEL');
INSERT INTO rider (bib, name, dob, team_name, country_code) VALUES (8, 'Adam Yates', '1992-08-07', 'UAE TEAM EMIRATES XRG', 'GBR');
INSERT INTO rider (bib, name, dob, team_name, country_code) VALUES (11, 'Jonas Vingegaard', '1996-12-10', 'TEAM VISMA | LEASE A BIKE', 'DEN');
INSERT INTO rider (bib, name, dob, team_name, country_code) VALUES (12, 'Edoardo Affini', '1996-06-24', 'TEAM VISMA | LEASE A BIKE', 'ITA');
INSERT INTO rider (bib, name, dob, team_name, country_code) VALUES (13, 'Tiesj Benoot', '1994-03-11', 'TEAM VISMA | LEASE A BIKE', 'BEL');
INSERT INTO rider (bib, name, dob, team_name, country_code) VALUES (14, 'Victor Campenaerts', '1991-10-28', 'TEAM VISMA | LEASE A BIKE', 'BEL');
INSERT INTO rider (bib, name, dob, team_name, country_code) VALUES (15, 'Matteo Jorgenson', '1999-07-01', 'TEAM VISMA | LEASE A BIKE', 'USA');
INSERT INTO rider (bib, name, dob, team_name, country_code) VALUES (16, 'Sepp Kuss', '1994-09-13', 'TEAM VISMA | LEASE A BIKE', 'USA');
INSERT INTO rider (bib, name, dob, team_name, country_code) VALUES (17, 'Wout Van Aert', '1994-09-15', 'TEAM VISMA | LEASE A BIKE', 'BEL');
INSERT INTO rider (bib, name, dob, team_name, country_code) VALUES (18, 'Simon Yates', '1992-08-07', 'TEAM VISMA | LEASE A BIKE', 'GBR');
INSERT INTO rider (bib, name, dob, team_name, country_code) VALUES (21, 'Remco Evenepoel', '2000-01-25', 'SOUDAL QUICK-STEP', 'BEL');
INSERT INTO rider (bib, name, dob, team_name, country_code) VALUES (22, 'Mattia Cattaneo', '1990-10-25', 'SOUDAL QUICK-STEP', 'ITA');
INSERT INTO rider (bib, name, dob, team_name, country_code) VALUES (23, 'Pascal Eenkhoorn', '1997-02-08', 'SOUDAL QUICK-STEP', 'NED');
INSERT INTO rider (bib, name, dob, team_name, country_code) VALUES (24, 'Tim Merlier', '1992-10-30', 'SOUDAL QUICK-STEP', 'BEL');
INSERT INTO rider (bib, name, dob, team_name, country_code) VALUES (25, 'Valentin Paret Peintre', '2001-01-14', 'SOUDAL QUICK-STEP', 'FRA');
INSERT INTO rider (bib, name, dob, team_name, country_code) VALUES (26, 'Maximilian Schachmann', '1994-01-09', 'SOUDAL QUICK-STEP', 'GER');
INSERT INTO rider (bib, name, dob, team_name, country_code) VALUES (27, 'Bert Van Lerberghe', '1992-09-29', 'SOUDAL QUICK-STEP', 'BEL');
INSERT INTO rider (bib, name, dob, team_name, country_code) VALUES (28, 'Ilan Van Wilder', '2000-05-14', 'SOUDAL QUICK-STEP', 'BEL');
INSERT INTO rider (bib, name, dob, team_name, country_code) VALUES (31, 'Ben Healy', '2000-09-11', 'EF EDUCATION - EASYPOST', 'IRL');
INSERT INTO rider (bib, name, dob, team_name, country_code) VALUES (32, 'Vincenzo Albanese', '1996-11-12', 'EF EDUCATION - EASYPOST', 'ITA');
INSERT INTO rider (bib, name, dob, team_name, country_code) VALUES (33, 'Kasper Asgreen', '1995-02-08', 'EF EDUCATION - EASYPOST', 'DEN');
INSERT INTO rider (bib, name, dob, team_name, country_code) VALUES (34, 'Alex Baudin', '2001-05-25', 'EF EDUCATION - EASYPOST', 'FRA');
INSERT INTO rider (bib, name, dob, team_name, country_code) VALUES (35, 'Neilson Powless', '1996-09-03', 'EF EDUCATION - EASYPOST', 'USA');
INSERT INTO rider (bib, name, dob, team_name, country_code) VALUES (36, 'Harrison Sweeny', '1998-07-09', 'EF EDUCATION - EASYPOST', 'AUS');
INSERT INTO rider (bib, name, dob, team_name, country_code) VALUES (37, 'Michael Valgren', '1992-02-07', 'EF EDUCATION - EASYPOST', 'DEN');
INSERT INTO rider (bib, name, dob, team_name, country_code) VALUES (38, 'Marijn Van Den Berg', '1999-07-19', 'EF EDUCATION - EASYPOST', 'NED');
INSERT INTO rider (bib, name, dob, team_name, country_code) VALUES (41, 'Biniam Girmay', '2000-04-02', 'INTERMARCHÉ - WANTY', 'ERI');
INSERT INTO rider (bib, name, dob, team_name, country_code) VALUES (42, 'Louis Barre', '2000-04-06', 'INTERMARCHÉ - WANTY', 'FRA');
INSERT INTO rider (bib, name, dob, team_name, country_code) VALUES (43, 'Vito Braet', '2000-11-02', 'INTERMARCHÉ - WANTY', 'BEL');
INSERT INTO rider (bib, name, dob, team_name, country_code) VALUES (44, 'Hugo Page', '2001-07-24', 'INTERMARCHÉ - WANTY', 'FRA');
INSERT INTO rider (bib, name, dob, team_name, country_code) VALUES (45, 'Laurenz Rex', '1999-12-15', 'INTERMARCHÉ - WANTY', 'BEL');
INSERT INTO rider (bib, name, dob, team_name, country_code) VALUES (46, 'Jonas Rutsch', '1998-01-24', 'INTERMARCHÉ - WANTY', 'GER');
INSERT INTO rider (bib, name, dob, team_name, country_code) VALUES (47, 'Roel Van Sintmaartensdijk', '2001-05-08', 'INTERMARCHÉ - WANTY', 'NED');
INSERT INTO rider (bib, name, dob, team_name, country_code) VALUES (48, 'Georg Zimmermann', '1997-10-11', 'INTERMARCHÉ - WANTY', 'GER');
INSERT INTO rider (bib, name, dob, team_name, country_code) VALUES (51, 'Santiago Buitrago', '1999-09-26', 'BAHRAIN VICTORIOUS', 'COL');
INSERT INTO rider (bib, name, dob, team_name, country_code) VALUES (52, 'Phil Bauhaus', '1994-07-08', 'BAHRAIN VICTORIOUS', 'GER');
INSERT INTO rider (bib, name, dob, team_name, country_code) VALUES (53, 'Kamil Gradek', '1990-09-17', 'BAHRAIN VICTORIOUS', 'POL');
INSERT INTO rider (bib, name, dob, team_name, country_code) VALUES (54, 'Jack Haig', '1993-09-06', 'BAHRAIN VICTORIOUS', 'AUS');
INSERT INTO rider (bib, name, dob, team_name, country_code) VALUES (55, 'Lenny Martinez', '2003-07-11', 'BAHRAIN VICTORIOUS', 'FRA');
INSERT INTO rider (bib, name, dob, team_name, country_code) VALUES (56, 'Matej Mohoric', '1994-10-19', 'BAHRAIN VICTORIOUS', 'SLO');
INSERT INTO rider (bib, name, dob, team_name, country_code) VALUES (57, 'Robert Stannard', '1998-09-16', 'BAHRAIN VICTORIOUS', 'AUS');
INSERT INTO rider (bib, name, dob, team_name, country_code) VALUES (58, 'Fred Wright', '1999-06-13', 'BAHRAIN VICTORIOUS', 'GBR');
INSERT INTO rider (bib, name, dob, team_name, country_code) VALUES (61, 'Geraint Thomas', '1986-05-25', 'INEOS GRENADIERS', 'GBR');
INSERT INTO rider (bib, name, dob, team_name, country_code) VALUES (62, 'Thymen Arensman', '1999-12-04', 'INEOS GRENADIERS', 'NED');
INSERT INTO rider (bib, name, dob, team_name, country_code) VALUES (63, 'Tobias Foss', '1997-05-25', 'INEOS GRENADIERS', 'NOR');
INSERT INTO rider (bib, name, dob, team_name, country_code) VALUES (65, 'Axel Laurance', '2001-04-13', 'INEOS GRENADIERS', 'FRA');
INSERT INTO rider (bib, name, dob, team_name, country_code) VALUES (66, 'Carlos Rodriguez', '2001-02-02', 'INEOS GRENADIERS', 'ESP');
INSERT INTO rider (bib, name, dob, team_name, country_code) VALUES (67, 'Connor Swift', '1995-10-30', 'INEOS GRENADIERS', 'GBR');
INSERT INTO rider (bib, name, dob, team_name, country_code) VALUES (68, 'Samuel Watson', '2001-09-24', 'INEOS GRENADIERS', 'GBR');
INSERT INTO rider (bib, name, dob, team_name, country_code) VALUES (71, 'Primoz Roglic', '1989-10-29', 'RED BULL - BORA - HANSGROHE', 'SLO');
INSERT INTO rider (bib, name, dob, team_name, country_code) VALUES (72, 'Florian Lipowitz', '2000-09-21', 'RED BULL - BORA - HANSGROHE', 'GER');
INSERT INTO rider (bib, name, dob, team_name, country_code) VALUES (73, 'Jordi Meeus', '1998-07-01', 'RED BULL - BORA - HANSGROHE', 'BEL');
INSERT INTO rider (bib, name, dob, team_name, country_code) VALUES (74, 'Gianni Moscon', '1994-04-20', 'RED BULL - BORA - HANSGROHE', 'ITA');
INSERT INTO rider (bib, name, dob, team_name, country_code) VALUES (75, 'Laurence Pithie', '2002-07-17', 'RED BULL - BORA - HANSGROHE', 'NZL');
INSERT INTO rider (bib, name, dob, team_name, country_code) VALUES (76, 'Mick Van Dijke', '2000-03-15', 'RED BULL - BORA - HANSGROHE', 'NED');
INSERT INTO rider (bib, name, dob, team_name, country_code) VALUES (77, 'Danny Van Poppel', '1993-07-26', 'RED BULL - BORA - HANSGROHE', 'NED');
INSERT INTO rider (bib, name, dob, team_name, country_code) VALUES (78, 'Aleksandr Vlasov', '1996-04-23', 'RED BULL - BORA - HANSGROHE', NULL);
INSERT INTO rider (bib, name, dob, team_name, country_code) VALUES (81, 'Jonathan Milan', '2000-10-01', 'LIDL-TREK', 'ITA');
INSERT INTO rider (bib, name, dob, team_name, country_code) VALUES (82, 'Simone Consonni', '1994-09-12', 'LIDL-TREK', 'ITA');
INSERT INTO rider (bib, name, dob, team_name, country_code) VALUES (83, 'Thibau Nys', '2002-11-12', 'LIDL-TREK', 'BEL');
INSERT INTO rider (bib, name, dob, team_name, country_code) VALUES (84, 'Quinn Simmons', '2001-05-08', 'LIDL-TREK', 'USA');
INSERT INTO rider (bib, name, dob, team_name, country_code) VALUES (85, 'Mattias Skjelmose', '2000-09-26', 'LIDL-TREK', 'DEN');
INSERT INTO rider (bib, name, dob, team_name, country_code) VALUES (86, 'Toms Skujins', '1991-06-15', 'LIDL-TREK', 'LAT');
INSERT INTO rider (bib, name, dob, team_name, country_code) VALUES (87, 'Jasper Stuyven', '1992-04-17', 'LIDL-TREK', 'BEL');
INSERT INTO rider (bib, name, dob, team_name, country_code) VALUES (88, 'Edward Theuns', '1991-04-30', 'LIDL-TREK', 'BEL');
INSERT INTO rider (bib, name, dob, team_name, country_code) VALUES (91, 'Guillaume Martin Guyonnet', '1993-06-09', 'GROUPAMA-FDJ', 'FRA');
INSERT INTO rider (bib, name, dob, team_name, country_code) VALUES (92, 'Lewis Askey', '2001-05-04', 'GROUPAMA-FDJ', 'GBR');
INSERT INTO rider (bib, name, dob, team_name, country_code) VALUES (93, 'Cyril Barthe', '1996-02-14', 'GROUPAMA-FDJ', 'FRA');
INSERT INTO rider (bib, name, dob, team_name, country_code) VALUES (94, 'Romain Gregoire', '2003-01-21', 'GROUPAMA-FDJ', 'FRA');
INSERT INTO rider (bib, name, dob, team_name, country_code) VALUES (95, 'Valentin Madouas', '1996-07-12', 'GROUPAMA-FDJ', 'FRA');
INSERT INTO rider (bib, name, dob, team_name, country_code) VALUES (96, 'Quentin Pacher', '1992-01-06', 'GROUPAMA-FDJ', 'FRA');
INSERT INTO rider (bib, name, dob, team_name, country_code) VALUES (97, 'Paul Penhoet', '2001-12-28', 'GROUPAMA-FDJ', 'FRA');
INSERT INTO rider (bib, name, dob, team_name, country_code) VALUES (98, 'Clément Russo', '1995-01-20', 'GROUPAMA-FDJ', 'FRA');
INSERT INTO rider (bib, name, dob, team_name, country_code) VALUES (101, 'Jasper Philipsen', '1998-03-02', 'ALPECIN-DECEUNINCK', 'BEL');
INSERT INTO rider (bib, name, dob, team_name, country_code) VALUES (102, 'Silvan Dillier', '1990-08-03', 'ALPECIN-DECEUNINCK', 'SUI');
INSERT INTO rider (bib, name, dob, team_name, country_code) VALUES (103, 'Kaden Groves', '1998-12-23', 'ALPECIN-DECEUNINCK', 'AUS');
INSERT INTO rider (bib, name, dob, team_name, country_code) VALUES (104, 'Xandro Meurisse', '1992-01-31', 'ALPECIN-DECEUNINCK', 'BEL');
INSERT INTO rider (bib, name, dob, team_name, country_code) VALUES (105, 'Jonas Rickaert', '1994-02-07', 'ALPECIN-DECEUNINCK', 'BEL');
INSERT INTO rider (bib, name, dob, team_name, country_code) VALUES (106, 'Mathieu Van Der Poel', '1995-01-19', 'ALPECIN-DECEUNINCK', 'NED');
INSERT INTO rider (bib, name, dob, team_name, country_code) VALUES (107, 'Gianni Vermeersch', '1992-11-19', 'ALPECIN-DECEUNINCK', 'BEL');
INSERT INTO rider (bib, name, dob, team_name, country_code) VALUES (108, 'Emiel Verstrynge', '2002-02-04', 'ALPECIN-DECEUNINCK', 'BEL');
INSERT INTO rider (bib, name, dob, team_name, country_code) VALUES (111, 'Julian Alaphilippe', '1992-06-11', 'TUDOR PRO CYCLING TEAM', 'FRA');
INSERT INTO rider (bib, name, dob, team_name, country_code) VALUES (112, 'Alberto Dainese', '1998-03-25', 'TUDOR PRO CYCLING TEAM', 'ITA');
INSERT INTO rider (bib, name, dob, team_name, country_code) VALUES (113, 'Marco Haller', '1991-04-01', 'TUDOR PRO CYCLING TEAM', 'AUT');
INSERT INTO rider (bib, name, dob, team_name, country_code) VALUES (114, 'Marc Hirschi', '1998-08-24', 'TUDOR PRO CYCLING TEAM', 'SUI');
INSERT INTO rider (bib, name, dob, team_name, country_code) VALUES (115, 'Fabian Lienhard', '1993-09-03', 'TUDOR PRO CYCLING TEAM', 'SUI');
INSERT INTO rider (bib, name, dob, team_name, country_code) VALUES (116, 'Marius Mayrhofer', '2000-09-18', 'TUDOR PRO CYCLING TEAM', 'GER');
INSERT INTO rider (bib, name, dob, team_name, country_code) VALUES (117, 'Michael Storer', '1997-02-28', 'TUDOR PRO CYCLING TEAM', 'AUS');
INSERT INTO rider (bib, name, dob, team_name, country_code) VALUES (118, 'Matteo Trentin', '1989-08-02', 'TUDOR PRO CYCLING TEAM', 'ITA');
INSERT INTO rider (bib, name, dob, team_name, country_code) VALUES (121, 'Ben O''Connor', '1995-11-25', 'TEAM JAYCO ALULA', 'AUS');
INSERT INTO rider (bib, name, dob, team_name, country_code) VALUES (122, 'Edward Dunbar', '1996-09-01', 'TEAM JAYCO ALULA', 'IRL');
INSERT INTO rider (bib, name, dob, team_name, country_code) VALUES (123, 'Luke Durbridge', '1991-04-09', 'TEAM JAYCO ALULA', 'AUS');
INSERT INTO rider (bib, name, dob, team_name, country_code) VALUES (124, 'Dylan Groenewegen', '1993-06-21', 'TEAM JAYCO ALULA', 'NED');
INSERT INTO rider (bib, name, dob, team_name, country_code) VALUES (125, 'Luka Mezgec', '1988-06-27', 'TEAM JAYCO ALULA', 'SLO');
INSERT INTO rider (bib, name, dob, team_name, country_code) VALUES (126, 'Luke Plapp', '2000-12-25', 'TEAM JAYCO ALULA', 'AUS');
INSERT INTO rider (bib, name, dob, team_name, country_code) VALUES (127, 'Elmar Reinders', '1992-03-14', 'TEAM JAYCO ALULA', 'NED');
INSERT INTO rider (bib, name, dob, team_name, country_code) VALUES (128, 'Mauro Schmid', '1999-12-04', 'TEAM JAYCO ALULA', 'SUI');
INSERT INTO rider (bib, name, dob, team_name, country_code) VALUES (131, 'Kévin Vauquelin', '2001-04-26', 'ARKEA-B&B HOTELS', 'FRA');
INSERT INTO rider (bib, name, dob, team_name, country_code) VALUES (132, 'Amaury Capiot', '1993-06-25', 'ARKEA-B&B HOTELS', 'BEL');
INSERT INTO rider (bib, name, dob, team_name, country_code) VALUES (133, 'Ewen Costiou', '2002-11-10', 'ARKEA-B&B HOTELS', 'FRA');
INSERT INTO rider (bib, name, dob, team_name, country_code) VALUES (134, 'Arnaud Demare', '1991-08-26', 'ARKEA-B&B HOTELS', 'FRA');
INSERT INTO rider (bib, name, dob, team_name, country_code) VALUES (135, 'Raul Garcia Pierna', '2001-02-23', 'ARKEA-B&B HOTELS', 'ESP');
INSERT INTO rider (bib, name, dob, team_name, country_code) VALUES (136, 'Mathis Le Berre', '2001-04-16', 'ARKEA-B&B HOTELS', 'FRA');
INSERT INTO rider (bib, name, dob, team_name, country_code) VALUES (137, 'Cristian Rodriguez', '1995-03-03', 'ARKEA-B&B HOTELS', 'ESP');
INSERT INTO rider (bib, name, dob, team_name, country_code) VALUES (138, 'Clément Venturini', '1993-10-16', 'ARKEA-B&B HOTELS', 'FRA');
INSERT INTO rider (bib, name, dob, team_name, country_code) VALUES (141, 'Enric Mas', '1995-01-07', 'MOVISTAR TEAM', 'ESP');
INSERT INTO rider (bib, name, dob, team_name, country_code) VALUES (142, 'William Barta', '1996-01-04', 'MOVISTAR TEAM', 'USA');
INSERT INTO rider (bib, name, dob, team_name, country_code) VALUES (143, 'Pablo Castrillo Zapater', '2001-01-02', 'MOVISTAR TEAM', 'ESP');
INSERT INTO rider (bib, name, dob, team_name, country_code) VALUES (144, 'Nelson Oliveira', '1989-03-06', 'MOVISTAR TEAM', 'POR');
INSERT INTO rider (bib, name, dob, team_name, country_code) VALUES (145, 'Ivan Garcia Cortina', '1995-11-20', 'MOVISTAR TEAM', 'ESP');
INSERT INTO rider (bib, name, dob, team_name, country_code) VALUES (146, 'Gregor Mühlberger', '1994-04-04', 'MOVISTAR TEAM', 'AUT');
INSERT INTO rider (bib, name, dob, team_name, country_code) VALUES (147, 'Ivan Romeo Abad', '2003-08-16', 'MOVISTAR TEAM', 'ESP');
INSERT INTO rider (bib, name, dob, team_name, country_code) VALUES (148, 'Einer Rubio Reyes', '1998-02-22', 'MOVISTAR TEAM', 'COL');
INSERT INTO rider (bib, name, dob, team_name, country_code) VALUES (151, 'Félix Gall', '1998-02-27', 'DECATHLON AG2R LA MONDIALE TEAM', 'AUT');
INSERT INTO rider (bib, name, dob, team_name, country_code) VALUES (152, 'Bruno Armirail', '1994-04-11', 'DECATHLON AG2R LA MONDIALE TEAM', 'FRA');
INSERT INTO rider (bib, name, dob, team_name, country_code) VALUES (153, 'Clément Berthet', '1997-08-02', 'DECATHLON AG2R LA MONDIALE TEAM', 'FRA');
INSERT INTO rider (bib, name, dob, team_name, country_code) VALUES (155, 'Oliver Naesen', '1990-09-16', 'DECATHLON AG2R LA MONDIALE TEAM', 'BEL');
INSERT INTO rider (bib, name, dob, team_name, country_code) VALUES (156, 'Aurélien Paret Peintre', '1996-02-27', 'DECATHLON AG2R LA MONDIALE TEAM', 'FRA');
INSERT INTO rider (bib, name, dob, team_name, country_code) VALUES (157, 'Callum Scotson', '1996-08-10', 'DECATHLON AG2R LA MONDIALE TEAM', 'AUS');
INSERT INTO rider (bib, name, dob, team_name, country_code) VALUES (158, 'Bastien Tronchon', '2002-03-29', 'DECATHLON AG2R LA MONDIALE TEAM', 'FRA');
INSERT INTO rider (bib, name, dob, team_name, country_code) VALUES (161, 'Emanuel Buchmann', '1992-11-18', 'COFIDIS', 'GER');
INSERT INTO rider (bib, name, dob, team_name, country_code) VALUES (162, 'Alex Aranburu', '1995-09-19', 'COFIDIS', 'ESP');
INSERT INTO rider (bib, name, dob, team_name, country_code) VALUES (163, 'Bryan Coquard', '1992-04-25', 'COFIDIS', 'FRA');
INSERT INTO rider (bib, name, dob, team_name, country_code) VALUES (164, 'Ion Izagirre', '1989-02-04', 'COFIDIS', 'ESP');
INSERT INTO rider (bib, name, dob, team_name, country_code) VALUES (165, 'Alexis Renard', '1999-06-01', 'COFIDIS', 'FRA');
INSERT INTO rider (bib, name, dob, team_name, country_code) VALUES (166, 'Dylan Teuns', '1992-03-01', 'COFIDIS', 'BEL');
INSERT INTO rider (bib, name, dob, team_name, country_code) VALUES (167, 'Benjamin Thomas', '1995-09-12', 'COFIDIS', 'FRA');
INSERT INTO rider (bib, name, dob, team_name, country_code) VALUES (168, 'Damien Touze', '1996-07-07', 'COFIDIS', 'FRA');
INSERT INTO rider (bib, name, dob, team_name, country_code) VALUES (171, 'Harold Tejada', '1997-04-27', 'XDS ASTANA TEAM', 'COL');
INSERT INTO rider (bib, name, dob, team_name, country_code) VALUES (172, 'Davide Ballerini', '1994-09-21', 'XDS ASTANA TEAM', 'ITA');
INSERT INTO rider (bib, name, dob, team_name, country_code) VALUES (173, 'Cees Bol', '1995-07-27', 'XDS ASTANA TEAM', 'NED');
INSERT INTO rider (bib, name, dob, team_name, country_code) VALUES (174, 'Clément Champoussin', '1998-05-29', 'XDS ASTANA TEAM', 'FRA');
INSERT INTO rider (bib, name, dob, team_name, country_code) VALUES (175, 'Yevgeniy Fedorov', '2000-02-16', 'XDS ASTANA TEAM', 'KAZ');
INSERT INTO rider (bib, name, dob, team_name, country_code) VALUES (176, 'Sergio Higuita', '1997-08-01', 'XDS ASTANA TEAM', 'COL');
INSERT INTO rider (bib, name, dob, team_name, country_code) VALUES (177, 'Mike Teunissen', '1992-08-25', 'XDS ASTANA TEAM', 'NED');
INSERT INTO rider (bib, name, dob, team_name, country_code) VALUES (178, 'Simone Velasco', '1995-12-02', 'XDS ASTANA TEAM', 'ITA');
INSERT INTO rider (bib, name, dob, team_name, country_code) VALUES (181, 'Steff Cras', '1996-02-13', 'TOTALENERGIES', 'BEL');
INSERT INTO rider (bib, name, dob, team_name, country_code) VALUES (182, 'Mathieu Burgaudeau', '1998-11-17', 'TOTALENERGIES', 'FRA');
INSERT INTO rider (bib, name, dob, team_name, country_code) VALUES (183, 'Alexandre Delettre', '1997-10-25', 'TOTALENERGIES', 'FRA');
INSERT INTO rider (bib, name, dob, team_name, country_code) VALUES (184, 'Thomas Gachignard', '2000-08-17', 'TOTALENERGIES', 'FRA');
INSERT INTO rider (bib, name, dob, team_name, country_code) VALUES (185, 'Emilien Jeanniere', '1998-09-26', 'TOTALENERGIES', 'FRA');
INSERT INTO rider (bib, name, dob, team_name, country_code) VALUES (186, 'Jordan Jegat', '1999-06-07', 'TOTALENERGIES', 'FRA');
INSERT INTO rider (bib, name, dob, team_name, country_code) VALUES (187, 'Anthony Turgis', '1994-05-16', 'TOTALENERGIES', 'FRA');
INSERT INTO rider (bib, name, dob, team_name, country_code) VALUES (188, 'Matteo Vercher', '2001-01-26', 'TOTALENERGIES', 'FRA');
INSERT INTO rider (bib, name, dob, team_name, country_code) VALUES (191, 'Oscar Onley', '2002-10-13', 'TEAM PICNIC POSTNL', 'GBR');
INSERT INTO rider (bib, name, dob, team_name, country_code) VALUES (192, 'Warren Barguil', '1991-10-28', 'TEAM PICNIC POSTNL', 'FRA');
INSERT INTO rider (bib, name, dob, team_name, country_code) VALUES (193, 'Pavel Bittner', '2002-10-29', 'TEAM PICNIC POSTNL', 'CZE');
INSERT INTO rider (bib, name, dob, team_name, country_code) VALUES (194, 'Sean Flynn', '2000-03-02', 'TEAM PICNIC POSTNL', 'GBR');
INSERT INTO rider (bib, name, dob, team_name, country_code) VALUES (195, 'Tobias Lund Andresen', '2002-02-08', 'TEAM PICNIC POSTNL', 'DEN');
INSERT INTO rider (bib, name, dob, team_name, country_code) VALUES (196, 'Niklas Märkl', '1999-03-03', 'TEAM PICNIC POSTNL', 'GER');
INSERT INTO rider (bib, name, dob, team_name, country_code) VALUES (197, 'Tim Naberman', '1999-05-11', 'TEAM PICNIC POSTNL', 'NED');
INSERT INTO rider (bib, name, dob, team_name, country_code) VALUES (198, 'Frank Van Den Broek', '2000-12-28', 'TEAM PICNIC POSTNL', 'NED');
INSERT INTO rider (bib, name, dob, team_name, country_code) VALUES (201, 'Michael Woods', '1986-10-12', 'ISRAEL - PREMIER TECH', 'CAN');
INSERT INTO rider (bib, name, dob, team_name, country_code) VALUES (202, 'Pascal Ackermann', '1994-01-17', 'ISRAEL - PREMIER TECH', 'GER');
INSERT INTO rider (bib, name, dob, team_name, country_code) VALUES (203, 'Joseph Blackmore', '2003-02-23', 'ISRAEL - PREMIER TECH', 'GBR');
INSERT INTO rider (bib, name, dob, team_name, country_code) VALUES (204, 'Guillaume Boivin', '1989-05-25', 'ISRAEL - PREMIER TECH', 'CAN');
INSERT INTO rider (bib, name, dob, team_name, country_code) VALUES (205, 'Matis Louvel', '1999-07-19', 'ISRAEL - PREMIER TECH', 'FRA');
INSERT INTO rider (bib, name, dob, team_name, country_code) VALUES (206, 'Alexey Lutsenko', '1992-09-07', 'ISRAEL - PREMIER TECH', 'KAZ');
INSERT INTO rider (bib, name, dob, team_name, country_code) VALUES (207, 'Krists Neilands', '1994-08-18', 'ISRAEL - PREMIER TECH', 'LAT');
INSERT INTO rider (bib, name, dob, team_name, country_code) VALUES (208, 'Jake Stewart', '1999-10-02', 'ISRAEL - PREMIER TECH', 'GBR');
INSERT INTO rider (bib, name, dob, team_name, country_code) VALUES (211, 'Arnaud De Lie', '2002-03-16', 'LOTTO', 'BEL');
INSERT INTO rider (bib, name, dob, team_name, country_code) VALUES (212, 'Jenno Berckmoes', '2001-02-04', 'LOTTO', 'BEL');
INSERT INTO rider (bib, name, dob, team_name, country_code) VALUES (213, 'Jasper De Buyst', '1993-11-24', 'LOTTO', 'BEL');
INSERT INTO rider (bib, name, dob, team_name, country_code) VALUES (214, 'Jarrad Drizners', '1999-05-31', 'LOTTO', 'AUS');
INSERT INTO rider (bib, name, dob, team_name, country_code) VALUES (215, 'Sébastien Grignard', '1999-04-29', 'LOTTO', 'BEL');
INSERT INTO rider (bib, name, dob, team_name, country_code) VALUES (216, 'Eduardo Sepulveda', '1991-06-13', 'LOTTO', 'ARG');
INSERT INTO rider (bib, name, dob, team_name, country_code) VALUES (217, 'Lennert Van Eetvelt', '2001-07-17', 'LOTTO', 'BEL');
INSERT INTO rider (bib, name, dob, team_name, country_code) VALUES (218, 'Brent Van Moer', '1998-01-12', 'LOTTO', 'BEL');
INSERT INTO rider (bib, name, dob, team_name, country_code) VALUES (221, 'Tobias Johannessen', '1999-08-23', 'UNO-X MOBILITY', 'NOR');
INSERT INTO rider (bib, name, dob, team_name, country_code) VALUES (222, 'Jonas Abrahamsen', '1995-09-20', 'UNO-X MOBILITY', 'NOR');
INSERT INTO rider (bib, name, dob, team_name, country_code) VALUES (223, 'Magnus Cort Nielsen', '1993-01-16', 'UNO-X MOBILITY', 'DEN');
INSERT INTO rider (bib, name, dob, team_name, country_code) VALUES (224, 'Stian Edvardsen-Fredheim', '2003-03-23', 'UNO-X MOBILITY', 'NOR');
INSERT INTO rider (bib, name, dob, team_name, country_code) VALUES (225, 'Markus Hoelgaard', '1994-10-04', 'UNO-X MOBILITY', 'NOR');
INSERT INTO rider (bib, name, dob, team_name, country_code) VALUES (226, 'Anders Johannessen', '1999-08-23', 'UNO-X MOBILITY', 'NOR');
INSERT INTO rider (bib, name, dob, team_name, country_code) VALUES (227, 'Andreas Leknessund', '1999-05-21', 'UNO-X MOBILITY', 'NOR');
INSERT INTO rider (bib, name, dob, team_name, country_code) VALUES (228, 'Soren Waerenskjold', '2000-03-12', 'UNO-X MOBILITY', 'NOR');

-- Insert stage
INSERT INTO stage (stage_number, day, start_location, finish_location, length, type) VALUES (1, '2025-07-04', 'Barcelona', 'Barcelona', 19, 'team time-trial');

-- Insert results
INSERT INTO result (bib, stage_number, rank, time, bonus, penalty) VALUES (101, 1, 1, 13991, 10, 0);
INSERT INTO result (bib, stage_number, rank, time, bonus, penalty) VALUES (41, 1, 2, 13991, 6, 0);
INSERT INTO result (bib, stage_number, rank, time, bonus, penalty) VALUES (228, 1, 3, 13991, 4, 0);
INSERT INTO result (bib, stage_number, rank, time, bonus, penalty) VALUES (187, 1, 4, 13991, 0, 0);
INSERT INTO result (bib, stage_number, rank, time, bonus, penalty) VALUES (118, 1, 5, 13991, 0, 0);
INSERT INTO result (bib, stage_number, rank, time, bonus, penalty) VALUES (98, 1, 6, 13991, 0, 0);
INSERT INTO result (bib, stage_number, rank, time, bonus, penalty) VALUES (97, 1, 7, 13991, 0, 0);
INSERT INTO result (bib, stage_number, rank, time, bonus, penalty) VALUES (15, 1, 8, 13991, 0, 0);
INSERT INTO result (bib, stage_number, rank, time, bonus, penalty) VALUES (116, 1, 9, 13991, 0, 0);
INSERT INTO result (bib, stage_number, rank, time, bonus, penalty) VALUES (68, 1, 10, 13991, 0, 0);
INSERT INTO result (bib, stage_number, rank, time, bonus, penalty) VALUES (177, 1, 11, 13991, 0, 0);
INSERT INTO result (bib, stage_number, rank, time, bonus, penalty) VALUES (145, 1, 12, 13991, 0, 0);
INSERT INTO result (bib, stage_number, rank, time, bonus, penalty) VALUES (196, 1, 13, 13991, 0, 0);
INSERT INTO result (bib, stage_number, rank, time, bonus, penalty) VALUES (36, 1, 14, 13991, 0, 0);
INSERT INTO result (bib, stage_number, rank, time, bonus, penalty) VALUES (207, 1, 15, 13991, 0, 0);
INSERT INTO result (bib, stage_number, rank, time, bonus, penalty) VALUES (131, 1, 16, 13991, 0, 0);
INSERT INTO result (bib, stage_number, rank, time, bonus, penalty) VALUES (168, 1, 17, 13991, 0, 0);
INSERT INTO result (bib, stage_number, rank, time, bonus, penalty) VALUES (1, 1, 18, 13991, 0, 0);
INSERT INTO result (bib, stage_number, rank, time, bonus, penalty) VALUES (202, 1, 19, 13991, 0, 0);
INSERT INTO result (bib, stage_number, rank, time, bonus, penalty) VALUES (11, 1, 20, 13991, 0, 0);
INSERT INTO result (bib, stage_number, rank, time, bonus, penalty) VALUES (87, 1, 21, 13991, 0, 0);
INSERT INTO result (bib, stage_number, rank, time, bonus, penalty) VALUES (113, 1, 22, 13991, 0, 0);
INSERT INTO result (bib, stage_number, rank, time, bonus, penalty) VALUES (103, 1, 23, 13991, 0, 0);
INSERT INTO result (bib, stage_number, rank, time, bonus, penalty) VALUES (33, 1, 24, 13991, 0, 0);
INSERT INTO result (bib, stage_number, rank, time, bonus, penalty) VALUES (203, 1, 25, 13991, 0, 0);
INSERT INTO result (bib, stage_number, rank, time, bonus, penalty) VALUES (125, 1, 26, 13991, 0, 0);
INSERT INTO result (bib, stage_number, rank, time, bonus, penalty) VALUES (13, 1, 27, 13991, 0, 0);
INSERT INTO result (bib, stage_number, rank, time, bonus, penalty) VALUES (106, 1, 28, 13991, 0, 0);
INSERT INTO result (bib, stage_number, rank, time, bonus, penalty) VALUES (224, 1, 29, 13991, 0, 0);
INSERT INTO result (bib, stage_number, rank, time, bonus, penalty) VALUES (221, 1, 30, 13991, 0, 0);
INSERT INTO result (bib, stage_number, rank, time, bonus, penalty) VALUES (141, 1, 31, 13991, 0, 0);
INSERT INTO result (bib, stage_number, rank, time, bonus, penalty) VALUES (7, 1, 32, 13991, 0, 0);
INSERT INTO result (bib, stage_number, rank, time, bonus, penalty) VALUES (93, 1, 33, 13991, 0, 0);
INSERT INTO result (bib, stage_number, rank, time, bonus, penalty) VALUES (222, 1, 34, 14004, 0, 0);
INSERT INTO result (bib, stage_number, rank, time, bonus, penalty) VALUES (105, 1, 35, 14004, 0, 0);
INSERT INTO result (bib, stage_number, rank, time, bonus, penalty) VALUES (104, 1, 36, 14004, 0, 0);
INSERT INTO result (bib, stage_number, rank, time, bonus, penalty) VALUES (172, 1, 37, 14011, 0, 0);
INSERT INTO result (bib, stage_number, rank, time, bonus, penalty) VALUES (12, 1, 38, 14016, 0, 0);
INSERT INTO result (bib, stage_number, rank, time, bonus, penalty) VALUES (81, 1, 39, 14030, 0, 0);
INSERT INTO result (bib, stage_number, rank, time, bonus, penalty) VALUES (211, 1, 40, 14030, 0, 0);
INSERT INTO result (bib, stage_number, rank, time, bonus, penalty) VALUES (163, 1, 41, 14030, 0, 0);
INSERT INTO result (bib, stage_number, rank, time, bonus, penalty) VALUES (73, 1, 42, 14030, 0, 0);
INSERT INTO result (bib, stage_number, rank, time, bonus, penalty) VALUES (193, 1, 43, 14030, 0, 0);
INSERT INTO result (bib, stage_number, rank, time, bonus, penalty) VALUES (112, 1, 44, 14030, 0, 0);
INSERT INTO result (bib, stage_number, rank, time, bonus, penalty) VALUES (57, 1, 45, 14030, 0, 0);
INSERT INTO result (bib, stage_number, rank, time, bonus, penalty) VALUES (52, 1, 46, 14030, 0, 0);
INSERT INTO result (bib, stage_number, rank, time, bonus, penalty) VALUES (24, 1, 47, 14030, 0, 0);
INSERT INTO result (bib, stage_number, rank, time, bonus, penalty) VALUES (17, 1, 48, 14030, 0, 0);
INSERT INTO result (bib, stage_number, rank, time, bonus, penalty) VALUES (77, 1, 49, 14030, 0, 0);
INSERT INTO result (bib, stage_number, rank, time, bonus, penalty) VALUES (35, 1, 50, 14030, 0, 0);
INSERT INTO result (bib, stage_number, rank, time, bonus, penalty) VALUES (225, 1, 51, 14030, 0, 0);
INSERT INTO result (bib, stage_number, rank, time, bonus, penalty) VALUES (153, 1, 52, 14030, 0, 0);
INSERT INTO result (bib, stage_number, rank, time, bonus, penalty) VALUES (195, 1, 53, 14030, 0, 0);
INSERT INTO result (bib, stage_number, rank, time, bonus, penalty) VALUES (85, 1, 54, 14030, 0, 0);
INSERT INTO result (bib, stage_number, rank, time, bonus, penalty) VALUES (213, 1, 55, 14030, 0, 0);
INSERT INTO result (bib, stage_number, rank, time, bonus, penalty) VALUES (161, 1, 56, 14030, 0, 0);
INSERT INTO result (bib, stage_number, rank, time, bonus, penalty) VALUES (204, 1, 57, 14030, 0, 0);
INSERT INTO result (bib, stage_number, rank, time, bonus, penalty) VALUES (2, 1, 58, 14030, 0, 0);
INSERT INTO result (bib, stage_number, rank, time, bonus, penalty) VALUES (132, 1, 59, 14030, 0, 0);
INSERT INTO result (bib, stage_number, rank, time, bonus, penalty) VALUES (124, 1, 60, 14030, 0, 0);
INSERT INTO result (bib, stage_number, rank, time, bonus, penalty) VALUES (223, 1, 61, 14030, 0, 0);
INSERT INTO result (bib, stage_number, rank, time, bonus, penalty) VALUES (134, 1, 62, 14030, 0, 0);
INSERT INTO result (bib, stage_number, rank, time, bonus, penalty) VALUES (165, 1, 63, 14030, 0, 0);
INSERT INTO result (bib, stage_number, rank, time, bonus, penalty) VALUES (31, 1, 64, 14030, 0, 0);
INSERT INTO result (bib, stage_number, rank, time, bonus, penalty) VALUES (205, 1, 65, 14030, 0, 0);
INSERT INTO result (bib, stage_number, rank, time, bonus, penalty) VALUES (156, 1, 66, 14030, 0, 0);
INSERT INTO result (bib, stage_number, rank, time, bonus, penalty) VALUES (21, 1, 67, 14030, 0, 0);
INSERT INTO result (bib, stage_number, rank, time, bonus, penalty) VALUES (186, 1, 68, 14030, 0, 0);
INSERT INTO result (bib, stage_number, rank, time, bonus, penalty) VALUES (66, 1, 69, 14030, 0, 0);
INSERT INTO result (bib, stage_number, rank, time, bonus, penalty) VALUES (107, 1, 70, 14030, 0, 0);
INSERT INTO result (bib, stage_number, rank, time, bonus, penalty) VALUES (51, 1, 71, 14030, 0, 0);
INSERT INTO result (bib, stage_number, rank, time, bonus, penalty) VALUES (37, 1, 72, 14030, 0, 0);
INSERT INTO result (bib, stage_number, rank, time, bonus, penalty) VALUES (155, 1, 73, 14030, 0, 0);
INSERT INTO result (bib, stage_number, rank, time, bonus, penalty) VALUES (191, 1, 74, 14030, 0, 0);
INSERT INTO result (bib, stage_number, rank, time, bonus, penalty) VALUES (151, 1, 75, 14030, 0, 0);
INSERT INTO result (bib, stage_number, rank, time, bonus, penalty) VALUES (28, 1, 76, 14030, 0, 0);
INSERT INTO result (bib, stage_number, rank, time, bonus, penalty) VALUES (23, 1, 77, 14030, 0, 0);
INSERT INTO result (bib, stage_number, rank, time, bonus, penalty) VALUES (72, 1, 78, 14030, 0, 0);
INSERT INTO result (bib, stage_number, rank, time, bonus, penalty) VALUES (71, 1, 79, 14030, 0, 0);
INSERT INTO result (bib, stage_number, rank, time, bonus, penalty) VALUES (217, 1, 80, 14030, 0, 0);
INSERT INTO result (bib, stage_number, rank, time, bonus, penalty) VALUES (95, 1, 81, 14030, 0, 0);
INSERT INTO result (bib, stage_number, rank, time, bonus, penalty) VALUES (91, 1, 82, 14030, 0, 0);
INSERT INTO result (bib, stage_number, rank, time, bonus, penalty) VALUES (144, 1, 83, 14030, 0, 0);
INSERT INTO result (bib, stage_number, rank, time, bonus, penalty) VALUES (115, 1, 84, 14030, 0, 0);
INSERT INTO result (bib, stage_number, rank, time, bonus, penalty) VALUES (194, 1, 85, 14030, 0, 0);
INSERT INTO result (bib, stage_number, rank, time, bonus, penalty) VALUES (67, 1, 86, 14030, 0, 0);
INSERT INTO result (bib, stage_number, rank, time, bonus, penalty) VALUES (61, 1, 87, 14030, 0, 0);
INSERT INTO result (bib, stage_number, rank, time, bonus, penalty) VALUES (184, 1, 88, 14030, 0, 0);
INSERT INTO result (bib, stage_number, rank, time, bonus, penalty) VALUES (3, 1, 89, 14030, 0, 0);
INSERT INTO result (bib, stage_number, rank, time, bonus, penalty) VALUES (44, 1, 90, 14030, 0, 0);
INSERT INTO result (bib, stage_number, rank, time, bonus, penalty) VALUES (181, 1, 91, 14030, 0, 0);
INSERT INTO result (bib, stage_number, rank, time, bonus, penalty) VALUES (158, 1, 92, 14030, 0, 0);
INSERT INTO result (bib, stage_number, rank, time, bonus, penalty) VALUES (183, 1, 93, 14030, 0, 0);
INSERT INTO result (bib, stage_number, rank, time, bonus, penalty) VALUES (54, 1, 94, 14030, 0, 0);
INSERT INTO result (bib, stage_number, rank, time, bonus, penalty) VALUES (162, 1, 95, 14030, 0, 0);
INSERT INTO result (bib, stage_number, rank, time, bonus, penalty) VALUES (114, 1, 96, 14030, 0, 0);
INSERT INTO result (bib, stage_number, rank, time, bonus, penalty) VALUES (212, 1, 97, 14030, 0, 0);
INSERT INTO result (bib, stage_number, rank, time, bonus, penalty) VALUES (166, 1, 98, 14030, 0, 0);
INSERT INTO result (bib, stage_number, rank, time, bonus, penalty) VALUES (218, 1, 99, 14030, 0, 0);
INSERT INTO result (bib, stage_number, rank, time, bonus, penalty) VALUES (63, 1, 100, 14030, 0, 0);
INSERT INTO result (bib, stage_number, rank, time, bonus, penalty) VALUES (58, 1, 101, 14030, 0, 0);
INSERT INTO result (bib, stage_number, rank, time, bonus, penalty) VALUES (214, 1, 102, 14030, 0, 0);
INSERT INTO result (bib, stage_number, rank, time, bonus, penalty) VALUES (32, 1, 103, 14030, 0, 0);
INSERT INTO result (bib, stage_number, rank, time, bonus, penalty) VALUES (127, 1, 104, 14057, 0, 0);
INSERT INTO result (bib, stage_number, rank, time, bonus, penalty) VALUES (78, 1, 105, 14057, 0, 0);
INSERT INTO result (bib, stage_number, rank, time, bonus, penalty) VALUES (157, 1, 106, 14057, 0, 0);
INSERT INTO result (bib, stage_number, rank, time, bonus, penalty) VALUES (192, 1, 107, 14057, 0, 0);
INSERT INTO result (bib, stage_number, rank, time, bonus, penalty) VALUES (56, 1, 108, 14057, 0, 0);
INSERT INTO result (bib, stage_number, rank, time, bonus, penalty) VALUES (34, 1, 109, 14057, 0, 0);
INSERT INTO result (bib, stage_number, rank, time, bonus, penalty) VALUES (138, 1, 110, 14057, 0, 0);
INSERT INTO result (bib, stage_number, rank, time, bonus, penalty) VALUES (27, 1, 111, 14057, 0, 0);
INSERT INTO result (bib, stage_number, rank, time, bonus, penalty) VALUES (86, 1, 112, 14077, 0, 0);
INSERT INTO result (bib, stage_number, rank, time, bonus, penalty) VALUES (88, 1, 113, 14077, 0, 0);
INSERT INTO result (bib, stage_number, rank, time, bonus, penalty) VALUES (43, 1, 114, 14077, 0, 0);
INSERT INTO result (bib, stage_number, rank, time, bonus, penalty) VALUES (75, 1, 115, 14084, 0, 0);
INSERT INTO result (bib, stage_number, rank, time, bonus, penalty) VALUES (82, 1, 116, 14084, 0, 0);
INSERT INTO result (bib, stage_number, rank, time, bonus, penalty) VALUES (22, 1, 117, 14099, 0, 0);
INSERT INTO result (bib, stage_number, rank, time, bonus, penalty) VALUES (14, 1, 118, 14110, 0, 0);
INSERT INTO result (bib, stage_number, rank, time, bonus, penalty) VALUES (16, 1, 119, 14030, 0, 0);
INSERT INTO result (bib, stage_number, rank, time, bonus, penalty) VALUES (74, 1, 120, 14125, 0, 0);
INSERT INTO result (bib, stage_number, rank, time, bonus, penalty) VALUES (76, 1, 121, 14125, 0, 0);
INSERT INTO result (bib, stage_number, rank, time, bonus, penalty) VALUES (164, 1, 122, 14125, 0, 0);
INSERT INTO result (bib, stage_number, rank, time, bonus, penalty) VALUES (6, 1, 123, 14137, 0, 0);
INSERT INTO result (bib, stage_number, rank, time, bonus, penalty) VALUES (53, 1, 124, 14137, 0, 0);
INSERT INTO result (bib, stage_number, rank, time, bonus, penalty) VALUES (4, 1, 125, 14309, 0, 0);
INSERT INTO result (bib, stage_number, rank, time, bonus, penalty) VALUES (227, 1, 126, 14309, 0, 0);
INSERT INTO result (bib, stage_number, rank, time, bonus, penalty) VALUES (226, 1, 127, 14309, 0, 0);
INSERT INTO result (bib, stage_number, rank, time, bonus, penalty) VALUES (96, 1, 128, 14309, 0, 0);
INSERT INTO result (bib, stage_number, rank, time, bonus, penalty) VALUES (171, 1, 129, 14309, 0, 0);
INSERT INTO result (bib, stage_number, rank, time, bonus, penalty) VALUES (152, 1, 130, 14309, 0, 0);
INSERT INTO result (bib, stage_number, rank, time, bonus, penalty) VALUES (215, 1, 131, 14309, 0, 0);
INSERT INTO result (bib, stage_number, rank, time, bonus, penalty) VALUES (136, 1, 132, 14309, 0, 0);
INSERT INTO result (bib, stage_number, rank, time, bonus, penalty) VALUES (62, 1, 133, 14309, 0, 0);
INSERT INTO result (bib, stage_number, rank, time, bonus, penalty) VALUES (46, 1, 134, 14309, 0, 0);
INSERT INTO result (bib, stage_number, rank, time, bonus, penalty) VALUES (216, 1, 135, 14309, 0, 0);
INSERT INTO result (bib, stage_number, rank, time, bonus, penalty) VALUES (48, 1, 136, 14309, 0, 0);
INSERT INTO result (bib, stage_number, rank, time, bonus, penalty) VALUES (146, 1, 137, 14309, 0, 0);
INSERT INTO result (bib, stage_number, rank, time, bonus, penalty) VALUES (167, 1, 138, 14309, 0, 0);
INSERT INTO result (bib, stage_number, rank, time, bonus, penalty) VALUES (148, 1, 139, 14309, 0, 0);
INSERT INTO result (bib, stage_number, rank, time, bonus, penalty) VALUES (137, 1, 140, 14309, 0, 0);
INSERT INTO result (bib, stage_number, rank, time, bonus, penalty) VALUES (198, 1, 141, 14309, 0, 0);
INSERT INTO result (bib, stage_number, rank, time, bonus, penalty) VALUES (84, 1, 142, 14309, 0, 0);
INSERT INTO result (bib, stage_number, rank, time, bonus, penalty) VALUES (197, 1, 143, 14309, 0, 0);
INSERT INTO result (bib, stage_number, rank, time, bonus, penalty) VALUES (176, 1, 144, 14309, 0, 0);
INSERT INTO result (bib, stage_number, rank, time, bonus, penalty) VALUES (174, 1, 145, 14309, 0, 0);
INSERT INTO result (bib, stage_number, rank, time, bonus, penalty) VALUES (45, 1, 146, 14309, 0, 0);
INSERT INTO result (bib, stage_number, rank, time, bonus, penalty) VALUES (143, 1, 147, 14309, 0, 0);
INSERT INTO result (bib, stage_number, rank, time, bonus, penalty) VALUES (135, 1, 148, 14309, 0, 0);
INSERT INTO result (bib, stage_number, rank, time, bonus, penalty) VALUES (94, 1, 149, 14309, 0, 0);
INSERT INTO result (bib, stage_number, rank, time, bonus, penalty) VALUES (133, 1, 150, 14309, 0, 0);
INSERT INTO result (bib, stage_number, rank, time, bonus, penalty) VALUES (25, 1, 151, 14309, 0, 0);
INSERT INTO result (bib, stage_number, rank, time, bonus, penalty) VALUES (185, 1, 152, 14309, 0, 0);
INSERT INTO result (bib, stage_number, rank, time, bonus, penalty) VALUES (117, 1, 153, 14309, 0, 0);
INSERT INTO result (bib, stage_number, rank, time, bonus, penalty) VALUES (122, 1, 154, 14309, 0, 0);
INSERT INTO result (bib, stage_number, rank, time, bonus, penalty) VALUES (5, 1, 155, 14309, 0, 0);
INSERT INTO result (bib, stage_number, rank, time, bonus, penalty) VALUES (8, 1, 156, 14309, 0, 0);
INSERT INTO result (bib, stage_number, rank, time, bonus, penalty) VALUES (108, 1, 157, 14309, 0, 0);
INSERT INTO result (bib, stage_number, rank, time, bonus, penalty) VALUES (208, 1, 158, 14309, 0, 0);
INSERT INTO result (bib, stage_number, rank, time, bonus, penalty) VALUES (206, 1, 159, 14309, 0, 0);
INSERT INTO result (bib, stage_number, rank, time, bonus, penalty) VALUES (121, 1, 160, 13991, 0, 0);
INSERT INTO result (bib, stage_number, rank, time, bonus, penalty) VALUES (128, 1, 161, 14318, 0, 0);
INSERT INTO result (bib, stage_number, rank, time, bonus, penalty) VALUES (38, 1, 162, 13991, 0, 0);
INSERT INTO result (bib, stage_number, rank, time, bonus, penalty) VALUES (123, 1, 163, 14382, 0, 0);
INSERT INTO result (bib, stage_number, rank, time, bonus, penalty) VALUES (18, 1, 164, 14382, 0, 0);
INSERT INTO result (bib, stage_number, rank, time, bonus, penalty) VALUES (65, 1, 165, 14382, 0, 0);
INSERT INTO result (bib, stage_number, rank, time, bonus, penalty) VALUES (102, 1, 166, 14382, 0, 0);
INSERT INTO result (bib, stage_number, rank, time, bonus, penalty) VALUES (201, 1, 167, 14382, 0, 0);
INSERT INTO result (bib, stage_number, rank, time, bonus, penalty) VALUES (178, 1, 168, 14382, 0, 0);
INSERT INTO result (bib, stage_number, rank, time, bonus, penalty) VALUES (26, 1, 169, 14382, 0, 0);
INSERT INTO result (bib, stage_number, rank, time, bonus, penalty) VALUES (126, 1, 170, 14382, 0, 0);
INSERT INTO result (bib, stage_number, rank, time, bonus, penalty) VALUES (175, 1, 171, 14382, 0, 0);
INSERT INTO result (bib, stage_number, rank, time, bonus, penalty) VALUES (173, 1, 172, 14382, 0, 0);
INSERT INTO result (bib, stage_number, rank, time, bonus, penalty) VALUES (111, 1, 173, 14382, 0, 0);
INSERT INTO result (bib, stage_number, rank, time, bonus, penalty) VALUES (47, 1, 174, 14382, 0, 0);
INSERT INTO result (bib, stage_number, rank, time, bonus, penalty) VALUES (42, 1, 175, 14382, 0, 0);
INSERT INTO result (bib, stage_number, rank, time, bonus, penalty) VALUES (147, 1, 176, 14382, 0, 0);
INSERT INTO result (bib, stage_number, rank, time, bonus, penalty) VALUES (142, 1, 177, 14382, 0, 0);
INSERT INTO result (bib, stage_number, rank, time, bonus, penalty) VALUES (182, 1, 178, 14382, 0, 0);
INSERT INTO result (bib, stage_number, rank, time, bonus, penalty) VALUES (188, 1, 179, 14382, 0, 0);
INSERT INTO result (bib, stage_number, rank, time, bonus, penalty) VALUES (83, 1, 180, 14382, 0, 0);
INSERT INTO result (bib, stage_number, rank, time, bonus, penalty) VALUES (92, 1, 181, 14382, 0, 0);
INSERT INTO result (bib, stage_number, rank, time, bonus, penalty) VALUES (55, 1, 182, 14542, 0, 0);
